{"cameraMode":{"drawMode":0,"name":"Shaded","section":"Shading Mode"},"sceneLighting":true,"audioPlay":false,"sceneViewState":{"showFog":true,"showMaterialUpdate":false,"showSkybox":true,"showFlares":true,"showImageEffects":true,"showParticleSystems":true},"in2DMode":false,"pivot":{"x":-0.5318008661270142,"y":0.21635520458221436,"z":0.45778220891952517},"rotation":{"x":-0.0425286702811718,"y":0.8147245049476624,"z":-0.060243960469961169,"w":-0.5751447081565857},"size":0.8660253882408142,"orthographic":false}